-- phpMyAdmin SQL Dump
-- version 5.2.0
-- https://www.phpmyadmin.net/
--
-- Host: 127.0.0.1
-- Generation Time: Feb 17, 2023 at 07:54 PM
-- Server version: 10.4.25-MariaDB
-- PHP Version: 7.4.30

SET SQL_MODE = "NO_AUTO_VALUE_ON_ZERO";
START TRANSACTION;
SET time_zone = "+00:00";


/*!40101 SET @OLD_CHARACTER_SET_CLIENT=@@CHARACTER_SET_CLIENT */;
/*!40101 SET @OLD_CHARACTER_SET_RESULTS=@@CHARACTER_SET_RESULTS */;
/*!40101 SET @OLD_COLLATION_CONNECTION=@@COLLATION_CONNECTION */;
/*!40101 SET NAMES utf8mb4 */;

--
-- Database: `pglife`
--

-- --------------------------------------------------------

--
-- Table structure for table `amenities`
--

CREATE TABLE `amenities` (
  `id` int(11) NOT NULL,
  `name` varchar(100) NOT NULL,
  `type` varchar(100) NOT NULL,
  `icon` varchar(100) NOT NULL
) ENGINE=InnoDB DEFAULT CHARSET=utf8mb4;

-- --------------------------------------------------------

--
-- Table structure for table `cities`
--

CREATE TABLE `cities` (
  `id` int(11) NOT NULL,
  `name` varchar(100) NOT NULL
) ENGINE=InnoDB DEFAULT CHARSET=utf8mb4;

--
-- Dumping data for table `cities`
--

INSERT INTO `cities` (`id`, `name`) VALUES
(1, 'Delhi'),
(2, 'Mumbai'),
(3, 'Bengaluru'),
(4, 'Hyderabad');

-- --------------------------------------------------------

--
-- Table structure for table `my_user`
--

CREATE TABLE `my_user` (
  `id` int(11) NOT NULL,
  `email` varchar(100) NOT NULL,
  `PASSWORD` varchar(100) NOT NULL,
  `full_name` varchar(100) NOT NULL,
  `phone` varchar(20) NOT NULL,
  `gender` enum('male','female') NOT NULL,
  `college_name` varchar(100) NOT NULL
) ENGINE=InnoDB DEFAULT CHARSET=utf8mb4;

-- --------------------------------------------------------

--
-- Table structure for table `properties`
--

CREATE TABLE `properties` (
  `id` int(11) NOT NULL,
  `city_id` int(11) NOT NULL,
  `name` varchar(100) NOT NULL,
  `address` varchar(250) NOT NULL,
  `description` longtext NOT NULL,
  `gender` enum('male','female','unisex') NOT NULL,
  `rent` int(11) NOT NULL,
  `rating_clean` float(2,1) NOT NULL,
  `rating_food` float(2,1) NOT NULL,
  `rating_safety` float(2,1) NOT NULL
) ENGINE=InnoDB DEFAULT CHARSET=utf8mb4;

--
-- Dumping data for table `properties`
--

INSERT INTO `properties` (`id`, `city_id`, `name`, `address`, `description`, `gender`, `rent`, `rating_clean`, `rating_food`, `rating_safety`) VALUES
(1, 1, 'Saxena\'s Paying Guest', 'H.No. 3958 Kaseru Walan, Pahar Ganj, New Delhi, Delhi 110055', 'Furnished studio apartment - share it with close friends! Located in posh area of Bijwasan in Delhi, this house is available for both boys and girls. Go for a private room or opt for a shared one and make it your own abode. Go out with your new friends - catch a movie at the nearest cinema hall or just chill in a cafe which is not even 2 kms away. Unwind with your flatmates after a long day at work/college. With a common living area and a shared kitchen, make your own FRIENDS moments. After all, there\'s always a Joey with unlimited supply of food. Remember, all it needs is one crazy story to convert a roomie into a BFF. What\'s nearby/Your New Neighborhood 4.0 Kms from Dwarka Sector- 21 Metro Station.', 'male', 5000, 4.3, 3.4, 4.8),
(2, 1, 'Navrang PG Home', '644-C,Mohalla Baoli 6 Tooti Chowk, Paharganj, New Delhi, Delhi 110055', 'Furnished studio apartment - share it with close friends! Located in posh area of Bijwasan in Delhi, this house is available for both boys and girls. Go for a private room or opt for a shared one and make it your own abode. Go out with your new friends - catch a movie at the nearest cinema hall or just chill in a cafe which is not even 2 kms away. Unwind with your flatmates after a long day at work/college. With a common living area and a shared kitchen, make your own FRIENDS moments. After all, there\'s always a Joey with unlimited supply of food. Remember, all it needs is one crazy story to convert a roomie into a BFF. What\'s nearby/Your New Neighborhood 4.0 Kms from Dwarka Sector- 21 Metro Station.', 'unisex', 6000, 2.9, 3.4, 3.8),
(3, 2, 'Navkar Paying Guest', '44, Juhu Scheme, Juhu, Mumbai, Maharashtra 400058', 'Furnished studio apartment - share it with close friends! Located in posh area of Bijwasan in Delhi, this house is available for both boys and girls. Go for a private room or opt for a shared one and make it your own abode. Go out with your new friends - catch a movie at the nearest cinema hall or just chill in a cafe which is not even 2 kms away. Unwind with your flatmates after a long day at work/college. With a common living area and a shared kitchen, make your own FRIENDS moments. After all, there\'s always a Joey with unlimited supply of food. Remember, all it needs is one crazy story to convert a roomie into a BFF. What\'s nearby/Your New Neighborhood 4.0 Kms from Dwarka Sector- 21 Metro Station.', 'female', 9500, 3.9, 3.8, 4.9),
(4, 2, 'PG for Girls Borivali West', 'Plot no.258/D4, Gorai no.2, Borivali West, Mumbai, Maharashtra 400092', 'Furnished studio apartment - share it with close friends! Located in posh area of Bijwasan in Delhi, this house is available for both boys and girls. Go for a private room or opt for a shared one and make it your own abode. Go out with your new friends - catch a movie at the nearest cinema hall or just chill in a cafe which is not even 2 kms away. Unwind with your flatmates after a long day at work/college. With a common living area and a shared kitchen, make your own FRIENDS moments. After all, there\'s always a Joey with unlimited supply of food. Remember, all it needs is one crazy story to convert a roomie into a BFF. What\'s nearby/Your New Neighborhood 4.0 Kms from Dwarka Sector- 21 Metro Station.', 'female', 8000, 4.2, 4.1, 4.5),
(5, 2, 'Ganpati Paying Guest', 'Police Beat, Sainath Complex, Besides, SV Rd, Daulat Nagar, Borivali East, Mumbai - 400066', 'Furnished studio apartment - share it with close friends! Located in posh area of Bijwasan in Delhi, this house is available for both boys and girls. Go for a private room or opt for a shared one and make it your own abode. Go out with your new friends - catch a movie at the nearest cinema hall or just chill in a cafe which is not even 2 kms away. Unwind with your flatmates after a long day at work/college. With a common living area and a shared kitchen, make your own FRIENDS moments. After all, there\'s always a Joey with unlimited supply of food. Remember, all it needs is one crazy story to convert a roomie into a BFF. What\'s nearby/Your New Neighborhood 4.0 Kms from Dwarka Sector- 21 Metro Station.', 'male', 8500, 4.2, 3.9, 4.6);

-- --------------------------------------------------------

--
-- Table structure for table `properties_amenities`
--

CREATE TABLE `properties_amenities` (
  `id` int(11) NOT NULL,
  `property_id` int(11) NOT NULL,
  `amenity_id` int(11) NOT NULL
) ENGINE=InnoDB DEFAULT CHARSET=utf8mb4;

-- --------------------------------------------------------

--
-- Table structure for table `testimonials`
--

CREATE TABLE `testimonials` (
  `id` int(11) NOT NULL,
  `property_id` int(11) NOT NULL,
  `user_name` varchar(100) NOT NULL,
  `content` longtext NOT NULL
) ENGINE=InnoDB DEFAULT CHARSET=utf8mb4;

--
-- Dumping data for table `testimonials`
--

INSERT INTO `testimonials` (`id`, `property_id`, `user_name`, `content`) VALUES
(1, 1, 'Ashutosh Gowariker', 'You just have to arrive at the place, it\'s fully furnished and stocked with all basic amenities and services and even your friends are welcome.'),
(2, 1, 'Karan Johar', 'You just have to arrive at the place, it\'s fully furnished and stocked with all basic amenities and services and even your friends are welcome.'),
(3, 2, 'Zoya Akhtar', 'You just have to arrive at the place, it\'s fully furnished and stocked with all basic amenities and services and even your friends are welcome.'),
(4, 2, 'Farhan Akhtar', 'You just have to arrive at the place, it\'s fully furnished and stocked with all basic amenities and services and even your friends are welcome.'),
(5, 2, 'Anurag Kashyap', 'You just have to arrive at the place, it\'s fully furnished and stocked with all basic amenities and services and even your friends are welcome.'),
(6, 3, 'Mira Nair', 'You just have to arrive at the place, it\'s fully furnished and stocked with all basic amenities and services and even your friends are welcome.'),
(7, 3, 'Meghna Gulzar', 'You just have to arrive at the place, it\'s fully furnished and stocked with all basic amenities and services and even your friends are welcome.'),
(8, 4, 'Farah Khan', 'You just have to arrive at the place, it\'s fully furnished and stocked with all basic amenities and services and even your friends are welcome.'),
(9, 5, 'Rajkumar Hirani', 'You just have to arrive at the place, it\'s fully furnished and stocked with all basic amenities and services and even your friends are welcome.'),
(10, 5, 'Sanjay Leela Bhansali', 'You just have to arrive at the place, it\'s fully furnished and stocked with all basic amenities and services and even your friends are welcome.');

-- --------------------------------------------------------

--
-- Table structure for table `users`
--

CREATE TABLE `users` (
  `id` int(11) NOT NULL,
  `email` varchar(100) NOT NULL,
  `passward` varchar(100) NOT NULL,
  `full_name` varchar(100) NOT NULL,
  `phone` varchar(20) NOT NULL,
  `gender` enum('male','female') NOT NULL,
  `college_name` varchar(100) NOT NULL
) ENGINE=InnoDB DEFAULT CHARSET=utf8mb4;

--
-- Indexes for dumped tables
--

--
-- Indexes for table `amenities`
--
ALTER TABLE `amenities`
  ADD PRIMARY KEY (`id`);

--
-- Indexes for table `cities`
--
ALTER TABLE `cities`
  ADD PRIMARY KEY (`id`);

--
-- Indexes for table `my_user`
--
ALTER TABLE `my_user`
  ADD PRIMARY KEY (`id`);

--
-- Indexes for table `properties`
--
ALTER TABLE `properties`
  ADD PRIMARY KEY (`id`),
  ADD KEY `city_id` (`city_id`);

--
-- Indexes for table `properties_amenities`
--
ALTER TABLE `properties_amenities`
  ADD PRIMARY KEY (`id`),
  ADD KEY `property_id` (`property_id`),
  ADD KEY `amenity_id` (`amenity_id`);

--
-- Indexes for table `testimonials`
--
ALTER TABLE `testimonials`
  ADD PRIMARY KEY (`id`),
  ADD KEY `property_id` (`property_id`);

--
-- Indexes for table `users`
--
ALTER TABLE `users`
  ADD PRIMARY KEY (`id`);

--
-- AUTO_INCREMENT for dumped tables
--

--
-- AUTO_INCREMENT for table `amenities`
--
ALTER TABLE `amenities`
  MODIFY `id` int(11) NOT NULL AUTO_INCREMENT;

--
-- AUTO_INCREMENT for table `cities`
--
ALTER TABLE `cities`
  MODIFY `id` int(11) NOT NULL AUTO_INCREMENT, AUTO_INCREMENT=5;

--
-- AUTO_INCREMENT for table `my_user`
--
ALTER TABLE `my_user`
  MODIFY `id` int(11) NOT NULL AUTO_INCREMENT;

--
-- AUTO_INCREMENT for table `properties`
--
ALTER TABLE `properties`
  MODIFY `id` int(11) NOT NULL AUTO_INCREMENT, AUTO_INCREMENT=6;

--
-- AUTO_INCREMENT for table `properties_amenities`
--
ALTER TABLE `properties_amenities`
  MODIFY `id` int(11) NOT NULL AUTO_INCREMENT;

--
-- AUTO_INCREMENT for table `testimonials`
--
ALTER TABLE `testimonials`
  MODIFY `id` int(11) NOT NULL AUTO_INCREMENT, AUTO_INCREMENT=11;

--
-- AUTO_INCREMENT for table `users`
--
ALTER TABLE `users`
  MODIFY `id` int(11) NOT NULL AUTO_INCREMENT;

--
-- Constraints for dumped tables
--

--
-- Constraints for table `properties`
--
ALTER TABLE `properties`
  ADD CONSTRAINT `properties_ibfk_1` FOREIGN KEY (`city_id`) REFERENCES `cities` (`id`);

--
-- Constraints for table `properties_amenities`
--
ALTER TABLE `properties_amenities`
  ADD CONSTRAINT `properties_amenities_ibfk_1` FOREIGN KEY (`property_id`) REFERENCES `properties` (`id`),
  ADD CONSTRAINT `properties_amenities_ibfk_2` FOREIGN KEY (`amenity_id`) REFERENCES `amenities` (`id`);

--
-- Constraints for table `testimonials`
--
ALTER TABLE `testimonials`
  ADD CONSTRAINT `testimonials_ibfk_1` FOREIGN KEY (`property_id`) REFERENCES `properties` (`id`);
COMMIT;

/*!40101 SET CHARACTER_SET_CLIENT=@OLD_CHARACTER_SET_CLIENT */;
/*!40101 SET CHARACTER_SET_RESULTS=@OLD_CHARACTER_SET_RESULTS */;
/*!40101 SET COLLATION_CONNECTION=@OLD_COLLATION_CONNECTION */;
